{"hits@5": 0.009615384615384616, "hits@10": 0.009615384615384616}