{"hits@5": 0.49504950495049505, "hits@10": 0.504950495049505}