{"hits@5": 0.3069306930693069, "hits@10": 0.36633663366336633}